Q - Discriminant,Images/Maths/year_1/discriminant.gif
Q - Graph transformations,Images/Maths/year_1/transformations.gif
Q - ,A - 
Q - ,A - 
Q - ,A - 
Q - ,A - 
Q - ,A - 
Q - ,A - 
Q - ,A - 
Q - ,A - 
Q - ,A - 
Q - ,A - 
Q - ,A - 
Q - ,A - 
Q - ,A - 
Q - ,A - 
Q - ,A - 
Q - ,A - 
Q - ,A - 
Q - ,A - 
Q - ,A - 
Q - ,A - 
Q - ,A - 
Q - ,A - 
Q - ,A - 
Q - ,A - 
Q - ,A - 
Q - ,A - 
Q - ,A - 
Q - ,A - 
Q - ,A - 
Q - ,A - 
Q - ,A - 
Q - ,A - 
Q - ,A - 
Q - ,A - 
Q - ,A - 
Q - ,A - 
Q - ,A - 
Q - ,A - 
Q - ,A - 
Q - ,A - 
Q - ,A - 
Q - ,A - 
Q - ,A - 
Q - ,A - 
Q - ,A - 
Q - ,A - 
Q - ,A - 
Q - ,A - 
